Input_1,Input_2,Input_3,Input_4,Input_5,Input_6,Input_7,Input_8,Input_9,Ira,Miedo,Felicidad,Tristeza,Sorpresa,Disgusto
0.0,0.99661696,0.9989861,0.0,0.0,0.0,0.0,0.7627057,0.27692607,0.0049556475,0.006994208,0.08353284,0.00452205,0.044907935,0.020481283
0.0,0.9951519,0.9986774,0.0,0.0,0.08796558,0.0,0.9949719,0.0,0.023887992,0.023110434,0.028635416,0.019397002,0.019427804,0.0833405
0.0,0.9972686,0.9996765,0.0,0.06433878,0.0,0.0,0.0,0.0,0.00065459334,0.00037566628,0.07217595,0.65253514,3.2179692e-08,0.42768782
0.0,0.9981087,0.99893194,0.0,0.0,0.0,0.46817487,0.0,0.5296602,0.062454704,0.09529379,0.008795174,2.647145e-05,3.4422945e-07,0.00056114706
0.0,0.997784,0.9975514,0.0,0.0,0.0,0.0,0.0,0.26383433,0.0018954282,0.0020298827,0.03518237,0.049512073,2.2950594e-08,0.026131386
0.0,0.99942327,0.9996773,0.0,0.0,0.0,0.96341306,0.0,0.4861334,0.46415856,0.5650276,0.0011713214,2.9536309e-06,1.0084418e-05,0.011064253
0.0,0.9961685,0.998521,0.0,0.0,0.0,0.0,0.9746236,0.0,0.0018143549,0.0021241666,0.956121,0.07687888,0.6461169,0.008275538
0.0,0.9964262,0.99841565,0.0,0.0,0.0,0.0,0.8397291,0.18877223,0.004207053,0.0071016545,0.62297744,0.0032514343,0.24202369,0.0030762136
0.0,0.9960885,0.99753135,0.0,0.0,0.0,0.8860924,0.11958194,0.0,0.17033507,0.23939662,0.0014779464,0.0008339221,7.994836e-06,0.547352
0.0,0.9969242,0.99768955,0.0,0.0,0.0,0.0,0.0,0.5267648,0.0011866479,0.00087547314,0.0008690903,0.0057597,4.313344e-08,0.032178387
0.0,0.99735945,0.9973991,0.0,0.0,0.0,0.84287786,0.0,0.008278466,0.017520158,0.017954268,0.0020590012,0.000932155,2.159878e-08,0.62978655
0.0,0.99749243,0.9984945,0.0,0.0,0.0,0.0,0.012530178,0.06447549,0.00035183702,0.000253351,0.101764254,0.34127757,4.196957e-09,0.09488304
0.0,0.99490297,0.99825644,0.0,0.31160092,0.0,0.0,0.0,0.85446143,0.00080560026,0.00066239777,0.0009562957,0.00016544551,8.3262135e-09,0.24867201
0.0,0.998479,0.9986457,0.0,0.0,0.0,0.971509,0.0,0.0,0.040330052,0.048798602,0.0028429353,0.00033490697,4.299651e-08,0.703387
0.0,0.9954555,0.99845695,0.0,0.0,0.0,0.0,0.9708012,0.0,0.0010626317,0.0013825913,0.98026466,0.004561946,0.37608144,0.0008062254
0.0,0.99594474,0.99950206,0.0,0.0,0.17103791,0.0,0.9979719,0.0,0.05077075,0.04578967,0.0026603523,0.00054539385,0.00013945112,0.09731609
0.0,0.9981699,0.9993111,0.0,0.0,0.0,0.0,0.0,0.70008016,0.001856534,0.0014109522,0.00043756602,0.029912965,1.4937549e-06,0.25637582
0.0,0.99459076,0.9980816,0.0,0.0,0.0,0.0,0.98373127,0.0,0.00078334886,0.00080897467,0.9633269,0.032402363,0.30851638,0.009745994
0.0,0.9984672,0.99815303,0.0,0.0,0.0,0.9628975,0.0,0.05973568,0.07339557,0.068370834,0.001587083,0.00015087322,1.9301073e-07,0.6404657
0.0,0.9984492,0.99926835,0.0,0.38647708,0.0,0.0,0.0,0.4351429,0.0019659642,0.001586453,0.000156771,0.0021585946,6.945148e-08,0.2679721
0.0,0.9973274,0.99951875,0.0,0.5274507,0.0,0.0,0.0,0.0,0.000911418,0.0008081052,6.181308e-05,0.009823253,4.3576465e-10,0.2145392
0.0,0.9974334,0.99810535,0.0,0.0,0.0,0.0,0.0,0.94226205,0.0012464279,0.00096793263,0.0018332553,0.00062807964,1.5452513e-06,0.16766807
0.0,0.9976817,0.99912286,0.0,0.0,0.0,0.95118546,0.09027046,0.0,0.056634463,0.0660754,0.0032295329,8.325442e-05,5.63148e-07,0.404802
0.0,0.9986174,0.9974583,0.0,0.0,0.0,0.95654076,0.0,0.0,0.030746661,0.031748623,0.0011219287,9.821818e-05,8.473321e-08,0.74097586
0.0,0.99709356,0.9964134,0.0,0.19990547,0.0,0.0,0.2965659,0.003665878,0.00051195425,0.0004215341,0.009565735,0.002132141,6.0185315e-08,0.008260149
0.0,0.9963967,0.9994302,0.0,0.23814394,0.0,0.0,0.0,0.045998827,0.00020241663,0.00015647305,0.0008372176,0.036400862,1.0776534e-10,0.10066156
0.0,0.99912643,0.99955916,0.0,0.0,0.0,0.3172114,0.0,0.63367057,0.0055847433,0.0060492363,0.0010254703,1.6942342e-05,1.8334359e-07,0.006331201
0.0,0.9959886,0.996132,0.0,0.0,0.0,0.0,0.28643563,0.0,0.0001944609,0.00013935727,0.24550289,0.5529007,5.1465094e-07,0.2593292
0.0,0.9966673,0.99793476,0.0,0.0,0.0,0.0,0.97308946,0.0,0.0013207569,0.0015724981,0.96191394,0.026774667,0.30208233,0.0025518055
0.0,0.9976818,0.9994353,0.0,0.42140293,0.0,0.0,0.0,0.7090547,0.0016445755,0.0011793841,0.001060905,5.9252827e-05,2.0431227e-05,0.38517043
0.0,0.9980717,0.99741536,0.0,0.0,0.0,0.055724204,0.0,0.09829015,0.0005172049,0.000488895,0.24263966,0.029505592,3.4688836e-09,0.006832809
0.0,0.99641705,0.9982039,0.0,0.0,0.0,0.95382667,0.0,0.0,0.07304163,0.08392859,0.000596569,0.0014251717,1.02826824e-07,0.75655794
0.0,0.9980192,0.9995429,0.0,0.089795336,0.0,0.0,0.0,0.0,0.00051985437,0.00039291114,0.075547986,0.47533497,1.0456541e-09,0.09028021
0.0,0.9980666,0.99581456,0.0,0.0,0.0,0.17401963,0.0,0.0,0.0008886551,0.0008291806,0.020117093,0.107447095,1.7529389e-09,0.09417878
0.0,0.99762726,0.9982677,0.0,0.0,0.0,0.0,0.0,0.395129,0.00077609293,0.00056333054,0.0294328,0.0076489495,5.1302308e-08,0.013051232
0.0,0.998626,0.9993428,0.0,0.0,0.0,0.8313106,0.0,0.36794725,0.34492835,0.4656897,0.000102718324,4.0864248e-05,1.8213166e-06,0.02845433
0.0,0.9952409,0.9987922,0.0,0.0,0.0,0.0,0.9545049,0.12751591,0.0018786276,0.0025639785,0.83293754,0.0058753565,0.31510255,0.0014374356
0.0,0.99357027,0.9996821,0.0,0.0,0.17081958,0.0,0.9986219,0.0,0.04520802,0.03626515,0.00148262,0.001581147,5.8594167e-05,0.07866408
0.0,0.9908913,0.9990604,0.0,0.0,0.0,0.0,0.8754593,0.30765063,0.006408213,0.00767768,0.23912425,0.011963866,0.62456757,0.018088495
0.0,0.99654424,0.9996332,0.0,0.36302197,0.0,0.0,0.0,0.0,0.0023475953,0.0023186367,0.0004541336,0.043829195,3.196601e-08,0.07577155
0.0,0.9986872,0.9993255,0.0,0.33910567,0.0,0.0,0.0,0.54481065,0.0017266185,0.0012747238,8.153954e-05,0.0011109626,9.697271e-08,0.35879302
0.0,0.9989378,0.9992977,0.0,0.0,0.0,0.96912795,0.0,0.3207589,0.73008436,0.8424488,0.0006829928,1.1488131e-05,2.0100573e-05,0.006820129
0.0,0.99849695,0.99913174,0.0,0.5688949,0.0,0.0,0.0,0.61553264,0.0028982384,0.0022255979,3.2317064e-05,0.0010235411,7.377872e-08,0.8404369
0.0,0.99837047,0.99830776,0.0,0.0,0.0,0.9585352,0.0,0.0,0.029317325,0.032196186,0.0017424419,0.001923559,2.7253312e-08,0.8267435
0.0,0.99628836,0.9988987,0.0,0.0,0.0,0.0,0.9512445,0.0,0.00047574114,0.00043464,0.9354978,0.09072516,0.016764492,0.034837835
0.0,0.9974119,0.9985971,0.0,0.0,0.0,0.8480909,0.0,0.36687717,0.3402749,0.394615,0.0005932469,6.3333673e-06,3.6869621e-06,0.009241387
0.0,0.9981731,0.9985833,0.0,0.0,0.0,0.8932177,0.0,0.0,0.029287377,0.027432404,0.0015849221,0.000732363,1.6325426e-08,0.758966
0.0,0.9938311,0.99969673,0.0,0.0,0.062628955,0.0,0.9956055,0.0,0.002172026,0.0017878464,0.2646186,0.00053281756,0.11648921,0.003233703
0.0,0.99882823,0.99935377,0.0,0.26858056,0.0,0.0,0.0,0.45206532,0.0022025984,0.00206441,0.0008182957,0.0002554588,3.3810016e-07,0.030381558
0.0,0.9986158,0.99859935,0.0,0.0,0.0,0.010014787,0.0,0.37203458,0.00079822016,0.0006226704,0.011738498,0.034638684,1.4856138e-08,0.015219293
0.0,0.99844706,0.9993271,0.0,0.20028578,0.0,0.0,0.0,0.24204445,0.0009104923,0.0008331267,0.002997032,0.00045482744,2.4954614e-09,0.004812851
0.0,0.99673957,0.9990578,0.0,0.0,0.0,0.0,0.84987277,0.2561282,0.0076435586,0.012100802,0.36733297,0.00046795615,0.12430663,0.00043864688
0.0,0.9986135,0.99959266,0.0,0.0,0.0,0.91417444,0.0,0.30679345,0.5394488,0.65435106,0.0009153551,7.1473787e-06,1.61036e-06,0.009368158
0.0,0.9958925,0.99684036,0.0,0.0,0.0,0.0,0.08965762,0.9574211,0.00065041287,0.0004612795,0.00042034473,0.0005195428,5.255934e-07,0.36749974
0.0,0.99750704,0.9978441,0.0,0.25401402,0.0,0.0,0.13540447,0.0,0.0007530209,0.0007751539,0.00052391225,0.04486677,8.8718805e-10,0.032273374
0.0,0.99894094,0.9996372,0.0,0.27160123,0.0,0.0,0.0,0.2089766,0.0019404514,0.0017581459,0.0007461932,0.0019824526,2.574892e-09,0.02659875
0.0,0.996392,0.9971314,0.0,0.0,0.0,0.0,0.9477178,0.0,0.00080742437,0.0008841332,0.9859343,0.0067543495,0.33806336,0.0011679021
0.0,0.99825054,0.99959725,0.0,0.53740543,0.0,0.0,0.0,0.0,0.0023036825,0.001639404,0.0008955013,0.030287398,4.1190082e-09,0.25666633
0.0,0.9983778,0.9990245,0.0,0.0,0.0,0.0,0.016183913,0.22123426,0.0030875748,0.0029054666,0.0033269532,0.39039275,1.1268455e-07,0.12602894
0.0,0.9965419,0.9987244,0.0,0.43407112,0.0,0.0,0.0,0.8616431,0.0033608675,0.0030454553,1.5188406e-05,0.0007893359,1.9941383e-06,0.90268683
0.0,0.9991523,0.9996499,0.0,0.19909978,0.0,0.0,0.0,0.16432798,0.001702015,0.0014715749,0.00086190604,0.07378328,3.4310015e-09,0.08649745
0.0,0.9989589,0.9995197,0.0,0.25485766,0.0,0.0,0.0,0.42876697,0.004587007,0.0046366756,0.00035690275,0.0010891535,2.6180226e-08,0.023173366
0.0,0.9995157,0.9995544,0.0,0.0,0.0,0.9767669,0.0,0.6203682,0.48851433,0.62037885,0.00033370164,1.1643801e-06,1.6499103e-05,0.0019420859
0.0,0.99741864,0.9972553,0.0,0.0,0.0,0.0,0.0,0.9793,0.0011079817,0.0008118753,9.7403106e-05,0.0031106996,5.0552865e-07,0.5806034
0.0,0.99097395,0.9987655,0.0,0.0,0.0,0.0,0.774976,0.30788532,0.0027375342,0.0031591707,0.14411703,0.005063281,0.0098195905,0.006906768
0.0,0.9939748,0.99625,0.0,0.0,0.02338053,0.0,0.9907766,0.0,0.00089894014,0.0007677565,0.672127,0.09660394,0.018840916,0.0491441
0.0,0.997437,0.9977478,0.0,0.0,0.0,0.9772776,0.0,0.0,0.047380246,0.039479908,0.001818575,0.0018343149,1.4695335e-07,0.88156104
0.0,0.9960316,0.9985703,0.0,0.0,0.0,0.0,0.9338214,0.06558225,0.0057188882,0.009224585,0.95774555,0.023833426,0.10840895,0.0016258446
0.0,0.9981071,0.998764,0.0,0.0,0.0,0.48964217,0.0,0.610764,0.04909517,0.06686452,0.035140287,6.803124e-06,2.3621562e-05,0.0015428838
0.0,0.99914145,0.99964446,0.0,0.16222197,0.0,0.0,0.0,0.44950637,0.0011936426,0.0010194542,0.0006317776,0.004124591,7.067272e-08,0.05097872
0.0,0.9945143,0.99816906,0.0,0.0,0.0,0.2657347,0.51203966,0.0,0.004261216,0.0046266625,0.28560957,0.006158042,3.0241208e-06,0.006045296
0.0,0.99837124,0.99904454,0.0,0.0,0.0,0.0,0.0,0.59698087,0.0012309601,0.0012683064,0.017315894,0.006089098,8.698831e-08,0.06650625
0.0,0.9956945,0.99731344,0.0,0.0,0.0,0.0,0.20677574,0.7799751,0.0016841191,0.0020612816,0.0032488653,0.00036963527,2.493152e-06,0.12896708
0.0,0.9934571,0.99914163,0.0,0.26766443,0.0,0.0,0.0,0.49969158,0.0011505411,0.0009805042,0.00040532122,0.0020937836,1.3830867e-08,0.1924403
0.0,0.99820113,0.9997857,0.0,0.35664225,0.0,0.0,0.0,0.0,0.0009171373,0.0009258607,0.00020039888,0.01991742,2.1582408e-10,0.10541658
0.0,0.99230593,0.9996087,0.0,0.16856298,0.0,0.0,0.7261658,0.0,0.0026041733,0.0031550364,0.07187903,0.007149498,0.00028721886,0.0049683326
0.0,0.9974886,0.9986243,0.0,0.35659412,0.0,0.0,0.0,0.6317207,0.003444547,0.0034319402,0.0005311141,0.00016899692,5.323547e-07,0.2982223
0.0,0.99679136,0.99892473,0.0,0.089524664,0.0,0.0,0.0,0.64857733,0.000649853,0.0004989535,0.000669667,0.0028914623,3.5275132e-08,0.09204158
0.0,0.9966602,0.99948895,0.0,0.0,0.0,0.0,0.9966792,0.0,0.00043461495,0.0005275536,0.9917217,0.029487547,0.2082103,0.0017779159
0.0,0.9979863,0.9991862,0.0,0.0,0.0,0.4277166,0.46584398,0.0,0.025959136,0.024586013,0.005539939,0.004398298,6.7877685e-05,0.01370323
0.0,0.9990665,0.9991309,0.0,0.0,0.0,0.0,0.0,0.36556974,0.0017755554,0.001447089,0.011363798,0.050508156,3.965409e-08,0.009877589
0.0,0.9980405,0.99913937,0.0,0.30558354,0.0,0.0,0.0,0.90260035,0.0022268423,0.0021364377,0.00012898252,0.00024806565,1.7776624e-06,0.3911649
0.0,0.9982534,0.9979596,0.0,0.0,0.0,0.7318059,0.0,0.0,0.021072937,0.023353025,0.0024797088,0.012382722,7.430219e-09,0.6423022
0.0,0.99706095,0.99932665,0.0,0.0,0.0,0.26393712,0.5882697,0.21896392,0.022985904,0.03030514,0.010531292,0.00017757964,8.846525e-05,0.001850832
0.0,0.9957629,0.9981599,0.0,0.5160816,0.0,0.0,0.0,0.9465132,0.0019411683,0.0014412921,2.9817129e-05,0.00011896118,1.0205723e-06,0.69635993
0.0,0.9982315,0.9990346,0.0,0.0,0.0,0.0,0.18709055,0.47124735,0.0014771987,0.0013986169,0.009008327,0.009205842,2.401668e-07,0.01145529
0.0,0.99694794,0.99942,0.0,0.33336565,0.0,0.0,0.0,0.0,0.00068207504,0.00054153934,0.00015061624,0.11956487,3.3380979e-10,0.1881747
0.0,0.9985871,0.99933565,0.0,0.26800245,0.0,0.0,0.0,0.4673441,0.0014817732,0.0012642966,0.0001306484,0.0010784022,2.0816914e-08,0.104557544
0.0,0.99299526,0.99928874,0.0,0.0,0.20696741,0.0,0.997179,0.0,0.048104536,0.03459347,2.2250279e-05,0.008217734,4.99638e-06,0.55978113
0.0,0.9988068,0.9991217,0.0,0.0,0.0,0.0,0.0,0.37604257,0.00095247664,0.0006747285,0.0044957455,0.023999967,1.9147286e-08,0.022323553
0.0,0.99691314,0.9993005,0.0,0.06360615,0.0,0.0,0.0,0.0,0.0005561146,0.0004321515,0.010336852,0.20645799,1.2951965e-09,0.064174525
0.0,0.99782324,0.99761087,0.0,0.0,0.0,0.9230171,0.0,0.0,0.091117,0.09693926,0.00091524224,0.00035305636,1.6949767e-07,0.17904247
0.0,0.99500686,0.9980976,0.0,0.0,0.0,0.0,0.9287378,0.0,0.0026072033,0.0027604327,0.91968393,0.29212034,0.28394797,0.021127176
0.0,0.9989329,0.99950856,0.0,0.2535892,0.0,0.0,0.0,0.28662074,0.0050482512,0.005994093,0.025870947,0.0026618568,4.264646e-07,0.015645506
0.0,0.99909526,0.9995418,0.0,0.0,0.0,0.0,0.0,0.20785296,0.0013226181,0.0011136864,0.041098397,0.19016838,2.602618e-08,0.023443744
0.0,0.9954977,0.99901474,0.0,0.5186334,0.0,0.0,0.0,0.8662086,0.0044808653,0.0037050133,4.147233e-05,0.0004980291,2.0197851e-06,0.86440045
0.0,0.99520403,0.9983651,0.0,0.03414631,0.0,0.0,0.5948368,0.0,0.0015403104,0.0018203,0.28820452,0.70417684,0.00016870502,0.061148632
0.0,0.997948,0.99712616,0.0,0.0,0.0,0.17839111,0.0,0.05657307,0.011490203,0.011731629,0.027769336,0.049092297,5.7465837e-08,0.012190606
0.0,0.9993578,0.9995415,0.0,0.0,0.0,0.94605786,0.0,0.51391053,0.43559033,0.5090264,0.0019919144,1.8970059e-06,1.6750455e-05,0.0014303058
0.0,0.9975944,0.99678165,0.0,0.0,0.0,0.0,0.0023568273,0.9691233,0.00099736,0.00075326423,0.0004655602,0.0008636634,7.831296e-08,0.3187181
0.0,0.99349743,0.9985839,0.0,0.0,0.061386146,0.20044851,0.40945265,0.0,0.003305076,0.002745936,0.016365394,0.008204927,3.0065954e-09,0.028767068
0.0,0.9968081,0.9961617,0.0,0.0,0.0,0.28294557,0.0,0.19128627,0.018127356,0.022988606,0.041977555,0.00029629335,3.1979779e-09,0.00014198938
0.0,0.9980738,0.9991413,0.0,0.37729272,0.0,0.0,0.0,0.6315588,0.0010812511,0.00093162403,0.00044539289,0.00027000147,2.9501543e-08,0.27995637
0.0,0.9971477,0.99924797,0.0,0.49802402,0.0,0.0,0.0,0.95783764,0.0013346404,0.0009622387,3.9028244e-05,0.000109789115,3.8103528e-07,0.74335474
0.0,0.9954516,0.9985268,0.0,0.0,0.0,0.0,0.3352089,0.5762731,0.0011693577,0.0011246037,0.016126296,0.0017762536,6.918176e-06,0.025147635
0.0,0.9984061,0.99947923,0.0,0.16129424,0.0,0.0,0.0,0.03406343,0.00032968845,0.00019590712,0.0018077528,0.1394169,7.138594e-10,0.12577178
0.0,0.9977933,0.99922115,0.0,0.05681433,0.0,0.0,0.0,0.0,0.00057765795,0.00036623326,0.006207175,0.3256224,5.1884057e-09,0.17292944
0.0,0.9952712,0.9964504,0.0,0.0,0.0,0.0,0.47858256,0.0,0.0019545886,0.0019140856,0.18467933,0.23152024,8.205872e-06,0.023284776
0.0,0.994586,0.9978292,0.0,0.0,0.0,0.0,0.7266527,0.0,0.0011942504,0.0010528308,0.6875662,0.101816215,0.004188329,0.011893793
0.0,0.9947515,0.9984756,0.0,0.013805151,0.0,0.0,0.7724726,0.0,0.0006082817,0.000497286,0.90292144,0.068432316,0.0024286835,0.013034175
0.0,0.9984133,0.9979391,0.0,0.5183043,0.0,0.002694711,0.0,0.46777225,0.0025121015,0.0019894189,0.00029394118,0.00065768935,2.2518377e-07,0.40826628
0.0,0.99580425,0.9941473,0.0,0.0,0.0,0.0,0.0059808493,0.97013766,0.0011616296,0.000902405,0.00027105148,0.0012101273,8.8602604e-07,0.39676514
0.0,0.9912879,0.9995172,0.0,0.0,0.0,0.0,0.9974472,0.0,0.00082147267,0.0007583907,0.93868065,0.17750041,0.5407297,0.035875417
0.0,0.99887955,0.99947494,0.0,0.0,0.0,0.9175001,0.0,0.4832484,0.41841024,0.49023688,0.0038555686,5.193655e-07,1.1345849e-05,0.0017830295
0.0,0.9973811,0.9984734,0.0,0.0,0.0,0.0,0.0,0.18794677,0.0006403246,0.00046206545,0.009961759,0.24533965,7.293082e-09,0.09164716
0.0,0.99693614,0.99790156,0.0,0.0,0.0,0.0,0.076085865,0.87500674,0.0003491454,0.00034417235,0.0018542407,8.9935995e-05,1.4773788e-07,0.047671806
0.0,0.99292344,0.9994313,0.0,0.08085057,0.0,0.0,0.49984604,0.0,0.00046358487,0.0005010465,0.30132294,0.18630749,4.238328e-07,0.028147014
0.0,0.9960672,0.999575,0.0,0.16295582,0.0,0.0,0.0,0.0,0.0010280919,0.0007771527,0.01954989,0.15166514,3.020972e-09,0.016000593
0.0,0.9962175,0.998357,0.0,0.0,0.0,0.0,0.93027556,0.0,0.0007470659,0.00079775404,0.89504814,0.016683748,0.055294137,0.011522121
0.0,0.99289715,0.99470484,0.0,0.0,0.0,0.0,0.0,0.0,0.0001683812,8.6762106e-05,0.17380866,0.44833365,1.0292234e-08,0.24489003
0.0,0.9955845,0.9973963,0.0,0.0,0.0,0.0,0.5000887,0.5063091,0.0015709805,0.0014820019,0.016099678,0.001136714,0.00046088634,0.019533023
0.0,0.99864155,0.9996365,0.0,0.3405943,0.0,0.0,0.0,0.024900882,0.0012491477,0.0011692318,0.00012848586,0.015039097,8.8056934e-10,0.080514096
0.0,0.9972465,0.9975464,0.0,0.0,0.0,0.0,0.042099804,0.927894,0.0005220011,0.00029299746,0.0008088787,0.0021968358,4.672728e-07,0.6757789
0.0,0.9988711,0.99949646,0.0,0.0,0.0,0.8662194,0.0019785166,0.10523076,0.33868888,0.47775295,0.0005088445,4.0473355e-05,1.7384582e-07,0.016002635
0.0,0.99705213,0.9989699,0.0,0.0,0.0,0.0,0.34226224,0.47382155,0.00087466766,0.0009439596,0.0110251075,0.0010411509,4.9525516e-07,0.002989406
0.0,0.9935511,0.99727374,0.0,0.0,0.0,0.0,0.9820082,0.0,0.00021352484,0.00019604988,0.99256575,0.011735759,0.036283188,0.0026182788
0.0,0.9932895,0.99911344,0.0,0.0,0.0,0.0,0.9873955,0.0,0.00053091446,0.0005020703,0.83097523,0.026406825,0.13695027,0.008014632
0.0,0.9990057,0.9996269,0.0,0.0,0.0,0.5714513,0.0,0.6981841,0.07859568,0.094506465,0.017566964,4.3530176e-06,0.00061550474,0.0015399709
0.0,0.99596614,0.99755657,0.0,0.13626127,0.0,0.0,0.012226164,0.884282,0.0012250294,0.0009363225,0.00035654617,0.0006344353,4.914151e-07,0.4274842
0.0,0.9970717,0.99780047,0.0,0.0,0.0,0.0,0.0,0.8473964,0.0013525293,0.0012348802,0.0017829846,0.0013821956,1.7487078e-07,0.14992416
0.0,0.9971721,0.9992455,0.0,0.0,0.0,0.0,0.0,0.6995258,0.00093881163,0.00079699425,0.0015842016,0.0036596968,7.339611e-08,0.07701163
0.0,0.9916785,0.99964285,0.0,0.0,0.0,0.0,0.80468136,0.0,0.001520334,0.0018076892,0.9270696,0.24079174,0.021848734,0.0037342953
0.0,0.99726367,0.99827266,0.0,0.0,0.0,0.08733276,0.0,0.3873072,0.0062318468,0.006551497,0.004788843,0.006009221,5.497581e-07,0.0047812224
0.0,0.99559546,0.9970596,0.0,0.0,0.0,0.0,0.97056186,0.0,0.002909384,0.004616675,0.95178366,0.035968106,0.82729375,0.0020141965
0.0,0.9947527,0.99952394,0.0,0.0,0.0,0.0,0.9835207,0.0,0.0068578226,0.009946557,0.8830479,0.110851645,0.49012163,0.016566154
0.0,0.99708986,0.99775016,0.0,0.0,0.0,0.8086135,0.0,0.0,0.07843116,0.09267483,0.00452795,0.0015109127,9.470264e-07,0.34862882
0.0,0.99807906,0.9989801,0.0,0.37336162,0.0,0.0,0.0,0.89943427,0.0016110552,0.001140751,3.706944e-05,0.000119615004,1.0036159e-06,0.6306178
0.0,0.9975641,0.99862546,0.0,0.021634549,0.0,0.0,0.036672235,0.9331184,0.0008096957,0.0005901837,0.00056736165,0.0009212559,6.43723e-07,0.4980245
0.0,0.99643433,0.99772567,0.0,0.0,0.0,0.0,0.9696626,0.0,0.0006039957,0.00061978167,0.95474434,0.049030818,0.36961633,0.011590914
0.0,0.998726,0.998512,0.0,0.0,0.0,0.57923466,0.0,0.0,0.01756085,0.015799673,0.026141282,0.008008425,2.2887647e-08,0.17183508
0.0,0.9982183,0.99963206,0.0,0.20875552,0.0,0.0,0.0,0.13240194,0.0016988937,0.0014240593,0.0011167922,0.008522501,3.4345369e-09,0.012203868
0.0,0.9988687,0.99955684,0.0,0.0,0.0,0.71206206,0.0,0.37724137,0.23900715,0.3181477,0.0013736554,5.8996407e-06,2.1763672e-06,0.0025036822
0.0,0.9987387,0.99976754,0.0,0.39217052,0.0,0.0,0.0,0.32741183,0.0021602642,0.0017804573,8.763995e-05,0.0022329013,1.27335005e-08,0.12461442
0.0,0.99845594,0.9995544,0.0,0.3520167,0.0,0.0,0.0,0.0,0.0008003982,0.00069060695,0.00045068644,0.03303595,2.3258252e-10,0.09791265
0.0,0.99609715,0.9985911,0.0,0.28900525,0.0,0.0,0.011765063,0.9480872,0.0013553081,0.0010122831,5.2868876e-05,0.0004901911,5.392719e-07,0.8899346
0.0,0.99479634,0.9976992,0.0,0.0,0.0,0.0,0.9718584,0.0,0.002981326,0.0041703633,0.9390912,0.04451865,0.82150745,0.004594023
0.0,0.9979116,0.99943185,0.0,0.4342363,0.0,0.0,0.0,0.66713357,0.0073098745,0.00901422,0.009273427,0.000838831,9.478583e-06,0.66103715
0.0,0.99664944,0.99655783,0.0,0.0,0.0,0.0,0.16713823,0.0,0.00032990007,0.0002962987,0.13137002,0.8300511,7.2093556e-08,0.2969683
0.0,0.9940144,0.99824697,0.0,0.0,0.0,0.0,0.9341075,0.098435044,0.008792202,0.017548384,0.7951705,0.03749225,0.21863565,0.0044681807
0.0,0.99576336,0.999044,0.0,0.0,0.0,0.0,0.9827851,0.0,0.0010693158,0.0011843855,0.96772856,0.025560366,0.44338235,0.004611769
0.0,0.997133,0.99812096,0.0,0.0,0.0,0.0,0.96276087,0.0,0.0016374228,0.0017935282,0.89784896,0.063737646,0.46367538,0.010957113
0.0,0.99273,0.99772835,0.0,0.0,0.07718676,0.0,0.93141615,0.045446504,0.026612524,0.032435052,0.02447169,0.0028331585,0.009012002,0.011708631
0.0,0.99575603,0.9969319,0.0,0.0,0.0,0.0,0.89752907,0.0,0.00095658784,0.0010299266,0.7986826,0.05227844,0.09640437,0.010150749
0.0,0.995138,0.9990809,0.0,0.0,0.0,0.0,0.97150415,0.39823404,0.008343066,0.013891322,0.16195323,0.0008570934,0.8142228,0.006147169
0.0,0.9968065,0.99930334,0.0,0.0,0.0,0.0,0.9918978,0.0,0.0007867857,0.0008478428,0.9616754,0.045723032,0.54359156,0.012251894
0.0,0.99679637,0.99923533,0.0,0.38983616,0.0,0.0,0.0005823374,0.7512538,0.0024904073,0.0020853519,4.5962206e-05,0.00015324542,1.8477376e-06,0.76773286
0.0,0.9975778,0.99941444,0.0,0.39460224,0.0,0.0,0.0,0.0,0.0015672059,0.0016289427,0.00030577893,0.032517992,3.4941106e-09,0.24365927
0.0,0.99714255,0.99865776,0.0,0.43722397,0.0,0.0,0.0,0.7196248,0.0028952276,0.002782003,0.0005864288,8.861452e-05,3.923665e-07,0.51108736
0.0,0.9959655,0.9978172,0.0,0.04198976,0.0,0.0,0.19433457,0.2262886,0.0018022956,0.0017496146,0.06462998,0.014580537,4.4230038e-07,0.006407594
0.0,0.9969995,0.99798155,0.0,0.0,0.0,0.6483343,0.0,0.311982,0.2975329,0.3864596,0.00394373,1.4549624e-05,5.2285276e-07,0.0014232227
0.0,0.9927639,0.99936086,0.0,0.0,0.16100767,0.0,0.9980101,0.0,0.042651173,0.03349451,0.0018163424,0.013906001,0.00012169079,0.2449339
0.0,0.99703395,0.9984971,0.0,0.0,0.0,0.0,0.9690491,0.0,0.0017784381,0.002580989,0.98111343,0.087786876,0.34735256,0.0035577065
0.0,0.9948357,0.99852103,0.0,0.0,0.0,0.13247311,0.84472793,0.0,0.002623586,0.0026253948,0.72501934,0.012131948,0.019672928,0.010105935
0.0,0.99704343,0.999558,0.0,0.0,0.0,0.0,0.38616878,0.0,0.00128645,0.0010662123,0.6058951,0.7359301,9.843956e-05,0.23237312
0.0,0.99706197,0.99915344,0.0,0.0,0.0,0.0,0.7835141,0.0,0.0023545441,0.0033091388,0.8469071,0.16286054,0.033600498,0.010501689
0.0,0.9956973,0.99853325,0.0,0.0,0.0,0.0,0.9619244,0.38577208,0.007587708,0.014032117,0.4369279,0.00085829274,0.8981735,0.009695973
0.0,0.99778444,0.9968167,0.0,0.0,0.0,0.0,0.045172215,0.8981848,0.0027258797,0.0023783252,0.0013110765,0.0013456701,3.151435e-05,0.25910616
0.0,0.9961766,0.9978146,0.0,0.0,0.0,0.0,0.9646928,0.0,0.0023579663,0.0028746594,0.9575205,0.20115651,0.7328051,0.0146552455
0.0,0.9986861,0.9993452,0.0,0.11530953,0.0,0.0,0.0,0.44835424,0.004578167,0.0049778866,0.047001246,0.0057555456,5.1713556e-07,0.057550665
0.0,0.99636567,0.99797755,0.0,0.0,0.012306295,0.77896017,0.017875314,0.15297027,0.3511196,0.5522175,0.00071161607,0.0001076262,6.179429e-08,0.027226547
0.0,0.9977047,0.99909556,0.0,0.0,0.0,0.22469722,0.17297906,0.362123,0.007339956,0.010406791,0.0066297348,0.0001469061,3.146838e-08,0.00059672736
0.0,0.99931467,0.9997149,0.0,0.048329115,0.0,0.066819385,0.0,0.38508412,0.0006845395,0.0005370524,0.0023126055,0.0041821566,6.029525e-09,0.031237042
0.0,0.9951255,0.99688905,0.0,0.0,0.0,0.0,0.6684817,0.0,0.00029926206,0.00029567085,0.90502363,0.041892286,4.471283e-05,0.0025538683
0.0,0.996924,0.9988055,0.0,0.0,0.0,0.0,0.90070486,0.0,0.00084459165,0.0010140467,0.8836813,0.20724243,0.00925504,0.013018798
0.0,0.99201167,0.99947035,0.0,0.0,0.0,0.0,0.9317629,0.0,0.00064759445,0.0005914183,0.9155392,0.08419547,0.11508905,0.02839258
0.0,0.9963416,0.9942634,0.0,0.0,0.0,0.0,0.0,0.97025555,0.0009442097,0.0006951745,0.0008608744,0.0018757934,3.964728e-06,0.6071232
0.0,0.99506843,0.99872404,0.0,0.0,0.0,0.0,0.87016875,0.0,0.0011550082,0.0016611195,0.93201566,0.09963317,0.018477213,0.0038494363
0.0,0.99937475,0.99969876,0.0,0.0,0.0,0.8655103,0.0,0.22721136,0.50704336,0.59719497,0.00066995097,1.0476336e-05,1.8695324e-05,0.0060853674
0.0,0.99708205,0.9978452,0.0,0.0,0.0,0.0,0.5024991,0.4878814,0.0028620195,0.003002243,0.0140536,0.0011736338,0.0003752364,0.013844724
0.0,0.99849266,0.99977756,0.0,0.20190716,0.0,0.0,0.0,0.0,0.0008333609,0.00091964344,0.004345857,0.023336696,6.068843e-10,0.014072827
0.0,0.99216646,0.9996673,0.0,0.0,0.0,0.0,0.9101745,0.0,0.00095991016,0.0013609993,0.8332213,0.023175374,0.046218183,0.009026249
0.0,0.9973295,0.999246,0.0,0.0,0.0,0.0,0.0,0.0,0.0002866455,0.00018312021,0.059197903,0.17532021,1.030304e-07,0.085413985
0.0,0.9986079,0.99952626,0.0,0.0,0.0,0.3122685,0.0,0.2918196,0.018301338,0.022365345,0.02857839,0.0001588516,2.9706849e-08,0.0004386429
0.0,0.99684376,0.9979676,0.0,0.0,0.0,0.0,0.9720871,0.0,0.0012225163,0.0014293839,0.97129583,0.011585316,0.45172688,0.0029692617
0.0,0.99554783,0.9973641,0.0,0.0,0.0,0.0,0.053269297,0.8049936,0.0015836436,0.0016421512,0.010490438,0.0007113764,4.6461696e-06,0.14753532
0.0,0.9956719,0.9995963,0.0,0.1186954,0.0,0.0,0.3810743,0.0,0.0015862604,0.0016684501,0.1347977,0.058002286,1.7177342e-06,0.00865361
0.0,0.99797463,0.99867755,0.0,0.0,0.0,0.0,0.074036464,0.91605383,0.0014874529,0.0013405763,0.0018938719,0.00071526784,2.0378298e-05,0.6755474
0.0,0.99712735,0.9991242,0.0,0.0,0.0,0.0,0.5997174,0.27931693,0.0044402042,0.007377724,0.16570064,0.0016669902,0.0037251615,0.0012717933
0.0,0.99394,0.99945664,0.0,0.0,0.0,0.0,0.97459143,0.0,0.0008825706,0.0011456606,0.9705284,0.014793628,0.28802624,0.002803625
0.0,0.99603397,0.99963504,0.0,0.0,0.2737577,0.0,0.99899626,0.0,0.10178899,0.08450157,1.4046151e-05,0.0019840666,2.6691066e-06,0.6304493
0.0,0.9975284,0.9974227,0.0,0.0,0.0,0.0,0.0,0.9213101,0.001688842,0.001119623,3.6527064e-05,0.0142294,4.1477574e-06,0.83794683
0.0,0.9981253,0.99850404,0.0,0.0,0.0,0.0,0.0,0.70958245,0.0006846077,0.00052834844,0.00063136587,0.004344799,7.125296e-08,0.19359484
0.0,0.99623036,0.9995989,0.0,0.0,0.0,0.0,0.98459053,0.0,0.0005745799,0.0005490988,0.9110818,0.18621315,0.36893415,0.041547723
0.0,0.99721074,0.99905914,0.0,0.0,0.0,0.0,0.0,0.0,0.00019566574,8.8578956e-05,0.06545758,0.84415704,4.6889994e-08,0.7843118
0.0,0.997162,0.9992623,0.0,0.0,0.0,0.0,0.9504963,0.0,0.001259765,0.0011890008,0.9381254,0.28370416,0.017654873,0.011580501
0.0,0.9955758,0.99962133,0.0,0.092792615,0.0,0.0,0.10137063,0.0,0.00058340305,0.00039208253,0.19856584,0.24583353,1.4783103e-07,0.057466697
0.0,0.9957065,0.99689126,0.0,0.0,0.0,0.0,0.52388316,0.02130502,0.0009042805,0.00070692174,0.80557185,0.17133602,7.849259e-05,0.008943422
0.0,0.99743044,0.99519384,0.0,0.0,0.0,0.0,0.0077596903,0.9709281,0.0006297481,0.0004206225,0.0031409317,0.00049805024,3.933199e-06,0.3478813
0.0,0.99769706,0.9988356,0.0,0.39774105,0.0,0.0,0.0,0.94410396,0.0018893444,0.0018015123,6.267134e-05,0.000107182845,2.243235e-06,0.75125843
0.0,0.9976096,0.9994222,0.0,0.17567776,0.0,0.0,0.0,0.0,0.00044247357,0.00044718882,0.006906474,0.14591719,2.2400971e-10,0.07366298
0.0,0.9950267,0.9978842,0.0,0.0,0.0,0.0,0.7870775,0.04296028,0.0022413947,0.0033452543,0.6877202,0.022784388,0.010513593,0.006109364
0.0,0.99550277,0.9982306,0.0,0.0,0.0,0.0,0.96871144,0.0,0.0008045822,0.00096836477,0.9382688,0.023094593,0.14234415,0.0037395696
0.0,0.99860764,0.99915737,0.0,0.0,0.0,0.0017850772,0.0,0.24196506,0.0017862822,0.0013615328,0.14140654,0.092778146,1.1403865e-06,0.028931879
0.0,0.9970954,0.9964374,0.0,0.0,0.0,0.32068667,0.0,0.0,0.01762524,0.022297159,0.031011423,0.011493307,4.8820574e-09,0.0028299692
0.0,0.9993458,0.99968964,0.0,0.0,0.0,0.23789203,0.0,0.4426364,0.015020842,0.016337208,0.0010699603,0.0008475011,6.776091e-08,0.0034542605
0.0,0.99312174,0.9995748,0.0,0.0,0.0,0.0,0.45007595,0.0,0.0004973635,0.00043652454,0.27389124,0.70800126,5.2154483e-06,0.18809597
0.0,0.99708116,0.99878836,0.0,0.0,0.0,0.8100661,0.21536356,0.0,0.11852021,0.12174656,0.009975175,0.0009044063,4.4658395e-06,0.26451424
0.0,0.9951015,0.99932677,0.0,0.048575692,0.0,0.0,0.0,0.0,0.00039672724,0.00022719863,0.003974395,0.89675695,7.964349e-09,0.8480355
0.0,0.99657726,0.9987534,0.0,0.0,0.0,0.0,0.8503506,0.0,0.0017464743,0.002379655,0.77352846,0.098309554,0.035944827,0.014376172
0.0,0.9956483,0.9989709,0.0,0.0,0.0,0.0,0.96199715,0.35945216,0.0037061875,0.0072146193,0.59344137,0.00010838938,0.5494548,0.0009438355
0.0,0.9948919,0.9978779,0.0,0.0,0.0,0.0,0.9743093,0.2910154,0.0047705225,0.007424981,0.20220916,0.0013197245,0.5694668,0.004034922
0.0,0.9960019,0.9997152,0.0,0.0,0.18764617,0.0,0.9980065,0.0,0.026525537,0.025000855,0.00037637085,0.0006164285,4.45416e-06,0.08874796
0.0,0.99593043,0.99671257,0.0,0.23961645,0.0,0.0,0.23767614,0.26437536,0.0012367971,0.0010528489,0.0005481422,0.001321201,4.04355e-08,0.032585002
0.0,0.997743,0.9995352,0.0,0.0,0.0,0.0,0.6281208,0.39636678,0.0011940667,0.0012531392,0.07581283,0.00020188696,0.0011979213,0.0028895014
0.0,0.99337816,0.999756,0.0,0.04818242,0.0,0.0,0.85280573,0.0,0.0011527999,0.0011953817,0.625414,0.048844848,0.01511066,0.01789617
0.0,0.9953074,0.9967477,0.0,0.0,0.0,0.0,0.0,0.65822697,0.00027544925,0.0001690543,0.0019329801,0.0013742441,3.0129115e-08,0.06321568
0.0,0.99825406,0.9988973,0.0,0.0,0.0,0.0,0.0,0.57762206,0.0012167159,0.001216862,0.004167319,0.0024780768,2.9932738e-07,0.026249023
0.0,0.9943964,0.99769515,0.0,0.0,0.05484742,0.0,0.9517761,0.0,0.002681756,0.0028623953,0.4495228,0.02213858,0.008487923,0.010207306
0.0,0.99624324,0.9993304,0.0,0.0,0.0,0.0,0.9870034,0.0,0.00046571912,0.0005019153,0.992638,0.009922884,0.2356778,0.0018739303
0.0,0.99643016,0.9995868,0.0,0.04371921,0.0,0.0,0.589413,0.0,0.0005767203,0.0005127347,0.6347672,0.02666121,0.00013601285,0.0021986575
0.0,0.99761176,0.99573416,0.0,0.0,0.0,0.12953831,0.0,0.0,0.0010684417,0.000824098,0.35613593,0.09077777,6.399476e-08,0.10126598
0.0,0.99595976,0.99747115,0.0,0.0,0.0,0.0,0.94016415,0.02576555,0.0011035863,0.0012496272,0.93121666,0.010198758,0.37300995,0.002482533
0.0,0.99914443,0.99954146,0.0,0.0,0.0,0.90803796,0.0,0.5479634,0.3857199,0.47097647,0.00033065167,3.2889548e-07,0.00010037823,0.0019394268
0.0,0.99783635,0.9995499,0.0,0.2845754,0.0,0.0,0.0,0.07477272,0.0011606545,0.000928691,0.0019618305,0.012850851,1.6203255e-09,0.015025698
0.0,0.99581146,0.99883175,0.0,0.0,0.0,0.0,0.93806064,0.4713576,0.0021858644,0.0034538452,0.54365635,5.1422252e-05,0.33748734,0.0009537725
0.0,0.9954002,0.99944526,0.0,0.0,0.09954935,0.0,0.99852115,0.0,0.011459686,0.0115293125,0.09279617,0.0027556363,0.007482341,0.025576167
0.0,0.99690104,0.9991838,0.0,0.0,0.0,0.0,0.97377515,0.0,0.00087996037,0.00095241726,0.9157282,0.010037892,0.48904863,0.003919218
0.0,0.99914545,0.99960846,0.0,0.0,0.0,0.89931446,0.0,0.54317594,0.45929536,0.5410408,0.00043324166,1.560057e-07,8.280178e-05,0.0009585493
0.0,0.997905,0.99873066,0.0,0.0,0.0,0.038681343,0.0,0.02745354,0.00030190827,0.00018198219,0.059592564,0.25608227,3.6301688e-09,0.09294982
0.0,0.998483,0.9997153,0.0,0.34237555,0.0,0.0,0.0,0.012926631,0.0011329062,0.0008864478,0.0013623214,0.056756757,1.3473154e-09,0.19731767
0.0,0.99508786,0.9963966,0.0,0.0,0.0,0.0,0.9801541,0.0,0.0011217042,0.0010623747,0.8815682,0.031553846,0.387455,0.023286348
0.0,0.99763334,0.99852353,0.0,0.5390052,0.0,0.0,0.0,0.9568619,0.0027581363,0.0022370995,0.00015654037,2.8838987e-05,5.8624787e-06,0.7448728
0.0,0.9994984,0.9996048,0.0,0.07299745,0.0,0.10180932,0.0,0.51853657,0.003957773,0.0049828417,0.004571579,0.00023777354,7.8896925e-08,0.0068378104
0.0,0.9950456,0.99883157,0.0,0.0,0.0,0.0,0.93829787,0.0,0.00055948296,0.00061743276,0.98159456,0.041458037,0.3450111,0.0022804553
0.0,0.9954731,0.99958324,0.0,0.04370358,0.0,0.0,0.05398672,0.0,0.0003383997,0.00021801576,0.09834767,0.14632043,1.3232734e-07,0.01777283
0.0,0.9961673,0.99501836,0.0,0.0,0.0,0.0,0.0,0.092389606,0.00057497714,0.00044712317,0.028999725,0.44857466,2.5121631e-08,0.24237196
0.0,0.99537873,0.99827147,0.0,0.0,0.0,0.0,0.92955136,0.0,0.0024447667,0.003312092,0.9313525,0.038626257,0.3093745,0.0049220105
0.0,0.99648714,0.99812657,0.0,0.0,0.0,0.0,0.027764797,0.90190226,0.004489695,0.0050999755,0.019605776,0.0005730396,5.626942e-05,0.23470807
0.0,0.99459743,0.9996229,0.0,0.0,0.0,0.0,0.99029297,0.0,0.0015509673,0.0022502376,0.9923597,0.018265976,0.46706277,0.00056751905
0.0,0.99605036,0.9985897,0.0,0.0,0.0,0.0,0.9350916,0.0,0.003712639,0.0053430735,0.95128316,0.034566503,0.1738824,0.0034382408
0.0,0.9975535,0.9994686,0.0,0.5286532,0.0,0.0,0.0,0.7097106,0.011918632,0.01420651,0.00040960847,0.00011896628,8.864672e-05,0.6160821
0.0,0.99908674,0.9994516,0.0,0.28753555,0.0,0.0,0.0,0.5497535,0.00386784,0.0040198234,0.00039415382,0.00014302442,4.1627143e-07,0.055295497
0.0,0.9987165,0.99963206,0.0,0.0,0.0,0.025958452,0.0,0.27387556,0.0010696078,0.0008665204,0.037024524,0.043724034,3.436596e-08,0.015155006
0.0,0.99238956,0.9883446,0.0,0.0,0.0,0.0,0.0,0.9823688,0.0011096764,0.0009580221,0.00047542452,0.00063258107,3.5166952e-06,0.58634245
0.0,0.993164,0.99952775,0.0,0.0,0.21933167,0.0,0.9978267,0.0,0.08755163,0.07564692,2.8638893e-05,0.0038013563,1.1038744e-05,0.46757063
0.0,0.99375707,0.99714607,0.0,0.0,0.0,0.0,0.94890976,0.0,0.0019162804,0.0023140481,0.9591376,0.1010969,0.47273603,0.00748629
0.0,0.9966846,0.99963677,0.0,0.2343302,0.0,0.0,0.0,0.0,0.0025416138,0.0021577484,0.0042755725,0.03952961,3.23467e-08,0.023511697
0.0,0.99690187,0.9976686,0.0,0.0,0.0,0.23196109,0.044017464,0.0,0.0026909707,0.0024251163,0.016553985,0.31663263,1.8718694e-08,0.3170184
0.0,0.9969791,0.9989581,0.0,0.0,0.0,0.0,0.9634496,0.0,0.0021354791,0.0022508297,0.95821875,0.064006954,0.75027275,0.01138193
0.0,0.99516493,0.99626863,0.0,0.0,0.0,0.0,0.49567476,0.06043381,0.0019981833,0.0017014634,0.7037876,0.30067655,0.0004157382,0.06432242
0.0,0.99878645,0.9995918,0.0,0.41824996,0.0,0.0,0.0,0.53939813,0.003096217,0.0026995698,0.0005377323,0.0004349768,1.232263e-06,0.6185199
0.0,0.9970762,0.99950844,0.0,0.0,0.016816858,0.0,0.9968748,0.0,0.0031446607,0.003017413,0.9022834,0.06578338,0.43684897,0.0266471
0.0,0.99612135,0.9969246,0.0,0.0,0.0,0.0,0.26042494,0.00713115,0.00088158133,0.0007619809,0.4939616,0.08007594,2.0642842e-06,0.010209585
0.0,0.99677604,0.99623364,0.0,0.0,0.0,0.0,0.0,0.93021595,0.0012966427,0.0010621161,0.0018977455,0.0023224885,1.6163502e-05,0.23844823
0.0,0.99915814,0.9994715,0.0,0.0,0.0,0.12178941,0.0,0.47049898,0.005670599,0.0063324976,0.013456414,0.0038165206,1.5472267e-08,0.00963428
0.0,0.99763495,0.9969921,0.0,0.0,0.0,0.0,0.04844258,0.9664179,0.0014562093,0.0013761707,0.0008560441,0.00044442143,9.060856e-07,0.25893798
0.0,0.9945657,0.9986454,0.0,0.0,0.0,0.0,0.9813597,0.0,0.0008359385,0.0010062922,0.9466013,0.34626794,0.6483241,0.025183741
0.0,0.99684966,0.9982043,0.0,0.0,0.0,0.0,0.6591232,0.0,0.0026531452,0.0024438424,0.5595131,0.2076423,0.004734331,0.03168529
0.0,0.9961096,0.99935263,0.0,0.0,0.0,0.0,0.98793024,0.0,0.0022332007,0.0026661337,0.9316863,0.039154347,0.93074024,0.009008199
0.0,0.9962323,0.9981853,0.0,0.0,0.0,0.0,0.98275024,0.0,0.0014613868,0.001506566,0.88828224,0.06987501,0.58514184,0.013800283
0.0,0.99221164,0.99648213,0.0,0.0,0.0,0.0,0.9370793,0.0,0.0019563427,0.0024078726,0.9210079,0.05537093,0.41468322,0.010867387
0.0,0.995205,0.99889815,0.0,0.0,0.0,0.0,0.9458084,0.0,0.0011954858,0.0010878651,0.92644775,0.13790876,0.5865136,0.026088463
0.0,0.99870485,0.9984101,0.0,0.0,0.0,0.0152245015,0.0,0.03032884,0.0017006884,0.0012873712,0.12359657,0.57195777,2.0854209e-06,0.14960968
0.0,0.9989527,0.9995977,0.0,0.40054458,0.0,0.0,0.0,0.24780445,0.0022511145,0.0017984145,0.0018036497,0.003993828,2.8667433e-08,0.12895703
0.0,0.9964408,0.9972863,0.0,0.0,0.0,0.0,0.9664729,0.0,0.002898084,0.0030653311,0.93697274,0.14942548,0.34786105,0.033676542
0.0,0.995504,0.99873334,0.0,0.0,0.0,0.0,0.98915046,0.0,0.0039488357,0.0031930825,0.9033399,0.15563184,0.67987937,0.07114449
0.0,0.9974833,0.99724686,0.0,0.0,0.0,0.0,0.0,0.44124895,0.0048046634,0.004686573,0.26668084,0.006539057,4.503592e-05,0.0063352375
0.0,0.9984864,0.9995409,0.0,0.33434623,0.0,0.0,0.0,0.4486613,0.011152629,0.014734802,0.00068608444,0.00056537805,8.4578096e-07,0.046422206
0.0,0.9965567,0.99961287,0.0,0.0,0.0,0.0,0.9803027,0.0,0.0008706888,0.0010504659,0.9888574,0.10452991,0.70840055,0.0059747035
0.0,0.9992835,0.9996574,0.0,0.0,0.0,0.92987204,0.0,0.3368266,0.71494704,0.7884774,0.0012787307,1.9204583e-06,0.00033829533,0.0018176464
0.0,0.997908,0.99857223,0.0,0.0,0.0,0.0,0.0,0.32732838,0.001158861,0.0009771851,0.0046498924,0.056777194,4.5404363e-08,0.027843345
0.0,0.9975007,0.99819964,0.0,0.4015987,0.0,0.0,0.0,0.9660992,0.00085592555,0.00072346046,0.00010569924,8.390355e-06,5.3604157e-07,0.25405443
0.0,0.99846,0.9992383,0.0,0.0,0.0,0.80870855,0.0,0.5655877,0.12712896,0.16406466,0.00032344728,2.9697842e-06,2.5507154e-06,0.0059478967
0.0,0.99664557,0.9973857,0.0,0.0,0.0,0.0,0.041212622,0.86792994,0.00067583355,0.00052819157,0.00039260634,0.00020387456,3.2320932e-07,0.18220603
0.0,0.9966129,0.99968094,0.0,0.07189858,0.0,0.0,0.34364837,0.005581975,0.00028629505,0.0002961965,0.0546911,0.026548764,1.062786e-08,0.0047357106
0.0,0.99946296,0.9994757,0.0,0.0,0.0,0.9716047,0.0,0.3729863,0.5003649,0.60894,0.00056795357,1.1419995e-06,6.999365e-06,0.002201268
0.0,0.9962955,0.9970311,0.0,0.0,0.0,0.0,0.053126626,0.83524823,0.0009754755,0.000709895,0.00029339606,0.0033412422,4.6659196e-07,0.32263651
0.0,0.99622464,0.99145883,0.0,0.0,0.0,0.0,0.006323807,0.9587206,0.0004877074,0.00039587056,0.00057677965,0.00014414491,2.260496e-07,0.15251756
0.0,0.9973451,0.997115,0.0,0.0,0.0,0.0,0.027474657,0.90178216,0.00061087316,0.0004562109,0.000902906,0.0015362062,2.3712691e-07,0.245553
0.0,0.99285537,0.9992584,0.0,0.0,0.009255342,0.0,0.99280334,0.0,0.0012957926,0.0019421062,0.97283834,0.006997424,0.1586376,0.0007277934
0.0,0.99882454,0.99944335,0.0,0.34091187,0.0,0.0,0.0,0.7010742,0.0020215905,0.0018636849,0.00020392647,0.00028781153,7.612773e-07,0.6215044
0.0,0.99939984,0.99974346,0.0,0.0,0.0,0.44395524,0.0,0.42941147,0.049553525,0.077871874,0.0028760976,6.325073e-05,6.1024696e-07,0.002801308
0.0,0.99615824,0.9984955,0.0,0.0,0.0,0.0,0.97488064,0.2808392,0.0021099267,0.0031573693,0.265193,0.00161638,0.6759514,0.005160022
0.0,0.99652916,0.9980344,0.0,0.0,0.0,0.0,0.92351586,0.0,0.0005919828,0.0006659526,0.9494054,0.01729225,0.12175568,0.0022427314
0.0,0.99736947,0.99900615,0.0,0.39945257,0.0,0.0,0.0,0.9219519,0.002933953,0.0024173385,0.0005554961,9.821134e-05,9.616175e-06,0.6409057
0.0,0.99653655,0.99498886,0.0,0.0,0.0,0.0,0.0,0.28298286,0.001466182,0.0013394329,0.035577547,0.03189797,9.099741e-08,0.012820303
0.0,0.9992365,0.99975836,0.0,0.1652347,0.0,0.0,0.0,0.13221791,0.0022195524,0.0026478157,0.025132986,0.0043278346,9.338854e-09,0.0023580347
0.0,0.9979814,0.99921614,0.0,0.20919046,0.0,0.0,0.0,0.35563728,0.0012243277,0.0013343043,0.00063821534,0.0007218585,1.5496248e-08,0.06230975
0.0,0.99586827,0.9993085,0.0,0.05644487,0.0,0.0,0.0,0.0,0.0005058079,0.00038458145,0.087168984,0.33806437,1.0342651e-08,0.047426455
0.0,0.99405414,0.99747866,0.0,0.0,0.0,0.0,0.8607861,0.41003016,0.0072278245,0.017427333,0.1627762,0.00054757926,0.1455221,0.006402426
0.0,0.9969905,0.9997351,0.0,0.0,0.0,0.0,0.43174163,0.0,0.00023554826,0.0002003498,0.52296734,0.14214276,2.6442017e-06,0.019335965
0.0,0.99541736,0.99593884,0.0,0.0,0.0,0.0,0.32442105,0.0,0.00039038627,0.0002942653,0.6295647,0.14531665,1.8124867e-06,0.016250668
0.0,0.9992293,0.9990844,0.0,0.0,0.0,0.9707411,0.0,0.48346937,0.31678465,0.39989597,0.00087461976,1.4275507e-06,7.9335405e-05,0.0035628325
0.0,0.9929039,0.9995572,0.0,0.0,0.07032423,0.0,0.9942323,0.0,0.006603267,0.0063625425,0.26062462,0.0085177515,0.020907927,0.014327842
0.0,0.99722683,0.9993913,0.0,0.49726716,0.0,0.0,0.0,0.823944,0.0052798036,0.0054816706,0.000113168964,4.1216248e-05,1.2788682e-05,0.5258299
0.0,0.9960996,0.99854505,0.0,0.0,0.0,0.0,0.93452114,0.0,0.0016466555,0.0020475404,0.9783977,0.074098356,0.3999879,0.0060773958
0.0,0.9957192,0.997981,0.0,0.0,0.0,0.0,0.9333955,0.0,0.0022630643,0.0027290727,0.8561629,0.12493155,0.5157085,0.0067938757
0.0,0.9982974,0.9992951,0.0,0.27147096,0.0,0.0,0.0,0.15052634,0.0055761696,0.005667903,0.0051679243,0.020107549,1.207885e-06,0.051118284
0.0,0.9965385,0.99868244,0.0,0.0,0.0,0.0,0.9774884,0.0,0.0029678096,0.0036355236,0.9625066,0.04944315,0.8076819,0.0045875357
0.0,0.9944807,0.9977254,0.0,0.0,0.09154415,0.0,0.9935127,0.0,0.021601189,0.018405546,0.081983946,0.018191325,0.00961727,0.06873412
0.0,0.9921135,0.9985303,0.0,0.0,0.1875006,0.0,0.9775276,0.47217712,0.14961877,0.13157469,0.00021354336,0.00064593635,0.0005194447,0.34012502
0.0,0.99716896,0.99833554,0.0,0.0,0.0,0.7828431,0.12714273,0.0,0.06567874,0.08099785,0.001852496,0.0025562735,1.4729628e-07,0.66735774
0.0,0.9973559,0.9984739,0.0,0.5063916,0.0,0.0,0.0,0.945734,0.00096148584,0.0006358563,3.8998554e-05,6.972334e-05,2.5057608e-07,0.84796804
0.0,0.99563676,0.9971758,0.0,0.0,0.0,0.0,0.96300864,0.0,0.00060647324,0.0006145815,0.84314865,0.19809638,0.34930253,0.04890177
0.0,0.99748296,0.9993079,0.0,0.4466985,0.0,0.0,0.0,0.80443895,0.002138837,0.0017930331,6.992569e-05,0.000101211175,7.315215e-07,0.8106876
0.0,0.99462336,0.9996239,0.0,0.0,0.18441354,0.0,0.9984511,0.0,0.06676345,0.06901104,0.0006463699,0.0052113673,2.288685e-05,0.315627
0.0,0.9973126,0.9978661,0.0,0.0,0.0,0.0,0.08561039,0.8474301,0.0010775672,0.00083351065,0.0008336949,0.0010704293,2.7250744e-06,0.42837608
0.0,0.99880296,0.998906,0.0,0.0,0.0,0.0,0.0,0.47253016,0.0007342177,0.00087676785,0.010917506,0.0019476422,3.2400052e-08,0.005256447
0.0,0.9967394,0.99635667,0.0,0.0,0.0,0.0,0.04998952,0.8713324,0.0015263873,0.0012977126,0.0006670639,0.0011290981,4.3383093e-06,0.4004029
0.0,0.99807787,0.9986846,0.0,0.0,0.0,0.9674053,0.0,0.0,0.06769578,0.09578298,0.000310673,0.0009583293,1.407743e-07,0.6414401
0.0,0.9954005,0.9965219,0.0,0.0,0.0,0.0,0.09491041,0.6445738,0.0005945111,0.0006355821,0.0053376807,0.00044570863,3.5685563e-08,0.014796448
0.0,0.9947208,0.99872154,0.0,0.0,0.0,0.0,0.98623264,0.0,0.00015386741,0.00016122834,0.9415629,0.2073865,0.040599566,0.05929661
0.0,0.996139,0.99303484,0.0,0.0,0.0,0.0,0.052865863,0.96139455,0.0005973405,0.0005343757,0.0132931555,0.0004990717,2.642775e-06,0.42445213
0.0,0.99786985,0.9975082,0.0,0.0,0.0,0.93470275,0.0,0.04302642,0.076795496,0.11366347,0.00085788063,0.0011929465,1.9762323e-08,0.7069305
0.0,0.9949964,0.9988897,0.0,0.0,0.0,0.0,0.9636303,0.43634742,0.0026336785,0.004736425,0.24998558,0.0001362734,0.21806408,0.0032863626
0.0,0.9975281,0.99946296,0.0,0.07318617,0.0,0.0,0.0,0.0,0.00023081263,0.00014840582,0.06656863,0.2629015,1.7776808e-08,0.029079353
0.0,0.9978651,0.9995168,0.0,0.36304927,0.0,0.0,0.0,0.12763087,0.0013306565,0.0010401108,0.0024970402,0.0009295669,1.7411937e-08,0.01480653
0.0,0.9954839,0.9974566,0.0,0.0,0.0,0.0,0.9915268,0.0,0.0013561983,0.0014814812,0.91679496,0.026188735,0.21425033,0.014703109
0.0,0.99725175,0.99630827,0.0,0.0,0.0,0.0,0.034407035,0.96118367,0.0013129439,0.001268246,0.008544351,0.000992111,9.058782e-06,0.36436495
0.0,0.99713105,0.99726886,0.0,0.0,0.0,0.0,0.059196413,0.9640669,0.0019693645,0.001807906,0.0012736177,0.00083382,7.89268e-06,0.55270606
0.0,0.99079627,0.99694,0.0,0.0,0.0,0.0,0.710564,0.48518282,0.0024936826,0.0037066946,0.20582585,0.002412741,0.0019057184,0.0071401014
0.0,0.9988159,0.9984178,0.0,0.0,0.0,0.19019586,0.0,0.0,0.001665855,0.0015469048,0.017241267,0.07327053,7.3828095e-09,0.040282022
0.0,0.99824876,0.9972584,0.0,0.0,0.0,0.0,0.0,0.41525063,0.0015801972,0.0016708942,0.009453336,0.0017009791,3.9594457e-08,0.0016669505
0.0,0.9959088,0.99962294,0.0,0.0233773,0.0,0.0,0.57792026,0.0,0.00031284746,0.0003512204,0.36109942,0.0204599,1.0272395e-05,0.0037229678
0.0,0.9921806,0.9959206,0.0,0.0,0.0,0.0,0.8381465,0.3767934,0.0015638757,0.0021380119,0.08657681,0.00083422574,0.022008108,0.010133712
0.0,0.9949257,0.9984711,0.0,0.0,0.12358471,0.0,0.96391267,0.0,0.008905355,0.007868204,0.0028955704,0.025659159,3.4964418e-05,0.28124318
0.0,0.99735254,0.9979591,0.0,0.0,0.0,0.0,0.0,0.64635664,0.00029696248,0.00023695835,0.0016487789,0.0013741317,1.4739148e-08,0.03293766
0.0,0.99805284,0.99862975,0.0,0.0,0.0,0.06919558,0.0,0.25618768,0.0029654244,0.0033603085,0.0066950545,0.031485766,6.9793527e-09,0.012128554
0.0,0.9990536,0.9995592,0.0,0.0,0.0,0.30504504,0.0,0.23252904,0.02113984,0.029287808,0.009765069,0.00016970078,5.1219375e-09,0.0006007917
0.0,0.9962052,0.99881136,0.0,0.0,0.0,0.0,0.9925609,0.0,0.0008022686,0.0008668941,0.88146406,0.04814349,0.5499963,0.023302466
0.0,0.99287236,0.9971411,0.0,0.0,0.07107455,0.0,0.80993855,0.0,0.0046007414,0.003960509,0.06079975,0.0071433405,7.32561e-05,0.016213402
0.0,0.9974867,0.9974436,0.0,0.0,0.0,0.0,0.0,0.948298,0.0022748963,0.0016090187,0.0012380712,0.0011594959,5.306212e-05,0.35337216
0.0,0.99480367,0.99970376,0.0,0.0,0.03250043,0.0,0.99684167,0.0,0.0028944155,0.002960791,0.5116504,0.061383124,0.16961223,0.027821232
0.0,0.99284047,0.99712044,0.0,0.0,0.0,0.0,0.9799541,0.0,0.0012981212,0.0012423813,0.9275865,0.030372294,0.3675497,0.01423411
0.0,0.9986762,0.9994121,0.0,0.18578504,0.0,0.0,0.0,0.39176843,0.0021557894,0.001863572,0.0008228198,0.0033850777,2.9354152e-07,0.085903406
0.0,0.99583465,0.99548656,0.0,0.0,0.0,0.0,0.068752736,0.96634483,0.0028343915,0.0030052245,0.0033523713,0.00018207316,5.239217e-06,0.3320028
0.0,0.9974936,0.9998412,0.0,0.095521875,0.0,0.0,0.8856376,0.0,0.0012152172,0.0013355961,0.47224033,0.11841573,0.011225269,0.04395853
0.0,0.99828327,0.9996471,0.0,0.059405506,0.0,0.0,0.0,0.7700361,0.002059936,0.0018797204,0.0020622686,0.0010840885,7.519233e-07,0.33647785
0.0,0.9945798,0.99928015,0.0,0.0,0.23357993,0.0,0.99834996,0.0,0.12930766,0.11295406,2.1092197e-05,0.01431973,2.4433707e-06,0.8282099
0.0,0.9970277,0.99879193,0.0,0.0,0.0,0.6832133,0.13108474,0.050561313,0.04025488,0.048841294,0.00422186,0.0013983713,2.5678357e-08,0.11025567
0.0,0.99651754,0.99971473,0.0,0.0,0.05270323,0.016638538,0.99876964,0.0,0.0022099558,0.0024205337,0.15786819,0.009001974,0.0052192146,0.0140060885
0.0,0.99673766,0.9959367,0.0,0.0,0.0,0.0,0.0,0.90483695,0.0009003669,0.0006298057,0.0004296602,0.0017553162,1.4791849e-06,0.69412374
0.0,0.9975482,0.99873257,0.0,0.013701737,0.0,0.0,0.0,0.0,0.0004921293,0.00037372936,0.013450414,0.6660047,3.488272e-08,0.42902833
0.0,0.99589556,0.9892672,0.0,0.0,0.0,0.0,0.008373201,0.97674274,0.0044099228,0.006488903,0.013098716,0.00071091217,8.736598e-07,0.35686606
0.0,0.99890196,0.9993932,0.0,0.0,0.0,0.12991366,0.20941547,0.42809114,0.0041644205,0.005670293,0.014099766,0.00013311922,6.565858e-07,0.0013877406
0.0,0.9932086,0.99434966,0.0,0.0,0.0,0.0,0.1673038,0.96421266,0.0014766038,0.0013269098,0.00036771767,0.0004091285,1.4567103e-05,0.6248204
0.0,0.9975711,0.99625415,0.0,0.0,0.0,0.0,0.015293033,0.97237337,0.0013262748,0.0011632806,0.00032513627,0.0014238728,2.1385633e-06,0.6243619
0.0,0.9957506,0.9996329,0.0,0.0,0.13026747,0.0,0.9988094,0.0,0.008555067,0.0072842105,0.044835847,0.017445747,2.091936e-05,0.08320866
0.0,0.9968973,0.99764705,0.0,0.0,0.0,0.0,0.11971097,0.41235113,0.0019751838,0.0016690356,0.005563305,0.008922715,4.33988e-07,0.015258055
0.0,0.99826586,0.99929136,0.0,0.0,0.0,0.7848393,0.0,0.28130087,0.40176818,0.5507874,9.9141005e-05,5.9685073e-05,1.6830361e-06,0.014807123
0.0,0.99850714,0.9984725,0.0,0.012288578,0.0,0.015107065,0.0,0.11516707,0.00062515214,0.00043941295,0.07508509,0.20281489,3.498118e-09,0.03753885
0.0,0.995477,0.9981644,0.0,0.0,0.0,0.0,0.95740306,0.0,0.0005968118,0.0008001469,0.9473409,0.056917693,0.048247848,0.010071999
0.0,0.9983545,0.99706185,0.0,0.0,0.0,0.49120244,0.0,0.06797945,0.031087408,0.033616744,0.009239741,0.0012596,5.1284502e-08,0.009579212
0.0,0.99584806,0.9961567,0.0,0.0,0.0,0.0,0.16659793,0.068110816,0.00089000876,0.00068639836,0.17448659,0.2664383,2.8800258e-07,0.09288528
0.0,0.9980474,0.9994925,0.0,0.1886706,0.0,0.0,0.0,0.025054187,0.0006485679,0.00055756595,0.0020714456,0.046108443,1.1241793e-09,0.05555581
0.0,0.99448466,0.999659,0.0,0.0,0.07682964,0.012211935,0.9988477,0.0,0.017214688,0.018092096,0.10795296,0.004566428,0.009563612,0.018180655
0.0,0.9955132,0.99714696,0.0,0.0,0.0,0.0,0.71790063,0.0,0.0009080288,0.0007978262,0.76023555,0.13273862,0.0025833505,0.019186517
0.0,0.99783075,0.9983777,0.0,0.0,0.0,0.9538055,0.0,0.0,0.06146507,0.075035945,0.0013531761,0.00024461432,3.8250104e-07,0.51669484
0.0,0.9934332,0.99950564,0.0,0.0,0.0,0.0,0.7502995,0.0,0.0011721625,0.0012286894,0.8977394,0.044914663,0.011225433,0.0025895366
0.0,0.9956664,0.9993775,0.0,0.45475015,0.0,0.0,0.0,0.7446392,0.0026193098,0.0023448686,0.00017988576,4.5017627e-05,4.951101e-06,0.5411795
0.0,0.9941355,0.99703336,0.0,0.0,0.0,0.0,0.9646364,0.0,0.00051643467,0.0005204131,0.9624782,0.090661876,0.29726458,0.01759149
0.0,0.99589354,0.99737304,0.0,0.0,0.0,0.0,0.66511834,0.0,0.0011158373,0.0011443589,0.87031907,0.12229909,0.0013530465,0.0060096146
0.0,0.9952196,0.9955583,0.0,0.0,0.0,0.0,0.07870388,0.9484362,0.0022205326,0.0017243893,0.0035611144,0.0010000456,0.0012445238,0.37097394
0.0,0.9957111,0.9997187,0.0,0.111545146,0.0,0.0,0.5635835,0.0,0.0012971257,0.0014037223,0.28470007,0.023755047,3.8868235e-05,0.005097782
0.0,0.997693,0.99890876,0.0,0.0,0.0,0.49245197,0.28846234,0.0,0.008217781,0.0068878112,0.041016836,0.0019169179,5.7911404e-07,0.05266573
0.0,0.9948054,0.998467,0.0,0.0,0.0,0.0,0.9810418,0.0,0.0024807034,0.0028154454,0.91794866,0.20895816,0.8812655,0.04432074
0.0,0.9960686,0.9962165,0.0,0.0,0.0,0.0,0.072639376,0.41215968,0.0021791914,0.002522793,0.087116584,0.002331739,8.7422654e-07,0.003460125
0.0,0.9944327,0.9997496,0.0,0.0,0.0,0.0,0.8865027,0.0,0.0017219564,0.002075807,0.93633205,0.08090047,0.19193035,0.00866026
0.0,0.99717766,0.9970235,0.0,0.0,0.0,0.90455365,0.0,0.0,0.0946842,0.09138818,0.002402181,0.00029887827,2.3540936e-06,0.10604976
0.0,0.995373,0.99870604,0.0,0.0,0.15876792,0.0,0.8340899,0.0,0.042100303,0.02777489,0.00010569703,0.028778628,1.0873909e-05,0.5835093
0.0,0.99357927,0.99812704,0.0,0.0,0.31864086,0.0,0.9976912,0.0,0.087522395,0.06614403,4.4720064e-06,0.0020378733,5.953936e-07,0.7265162
0.0,0.99514514,0.9942914,0.0,0.0,0.0,0.0,0.0,0.0,0.00034180382,0.00021608472,0.13539343,0.7545688,1.9082682e-08,0.6278041
0.0,0.9963241,0.99845886,0.0,0.0,0.040932585,0.03173396,0.40873864,0.0,0.0022097614,0.001802474,0.03404928,0.46599728,5.72013e-08,0.12029733
0.0,0.9963419,0.9983286,0.0,0.0,0.0,0.0,0.8599839,0.0,0.0011258557,0.0011058958,0.8543518,0.101516925,0.015827606,0.024518313
0.0,0.996113,0.99789244,0.0,0.02584064,0.0,0.0,0.5338005,0.21029347,0.0016840036,0.0017949552,0.04089122,0.0054625478,4.2223648e-05,0.0049653584
0.0,0.99329627,0.99476796,0.0,0.0,0.2731118,0.0,0.13398999,0.95568436,0.025842497,0.013081141,2.6672755e-05,0.00020957092,1.5348764e-06,0.8082104
0.0,0.99811274,0.99948794,0.0,0.438346,0.0,0.0,0.0,0.6452156,0.0016130322,0.0013551022,5.879724e-05,0.00030014353,1.1932067e-07,0.4806574
0.0,0.9954476,0.9981601,0.0,0.0,0.0,0.0,0.84696954,0.10298372,0.0016112445,0.0019776272,0.64049023,0.01812284,0.069428936,0.005750358
0.0,0.99903065,0.9994101,0.0,0.13256812,0.0,0.0,0.0,0.22346404,0.0023082353,0.0023047074,0.0077371486,0.006338556,2.3037476e-08,0.012354642
0.0,0.99634355,0.99470466,0.0,0.0,0.0,0.0,0.0,0.041635253,0.00036770417,0.00028569493,0.018069057,0.58454084,1.2178628e-08,0.46717462
0.0,0.9975761,0.9982069,0.0,0.0,0.0,0.8865414,0.0,0.3052755,0.52430004,0.64519566,0.00073283183,6.018118e-06,7.276506e-06,0.013961703
0.0,0.99385494,0.9980675,0.0,0.0,0.0,0.0,0.86262375,0.14984214,0.007284452,0.009849638,0.41906786,0.010487681,0.24057794,0.0028123413
0.0,0.99639636,0.9995878,0.0,0.4312164,0.0,0.0,0.0,0.0,0.0047317836,0.005255305,0.0012276927,0.03052587,4.0835893e-08,0.09908542
0.0,0.9938425,0.99972755,0.0,0.0,0.26842308,0.0,0.9978053,0.0,0.05925448,0.038840484,9.875667e-06,0.0062978286,1.0319734e-06,0.72257906
0.0,0.99552983,0.9977372,0.0,0.0,0.0,0.0,0.016933262,0.60639346,0.0008799688,0.0005852543,0.0030525823,0.0019245617,8.776158e-08,0.017902492
0.0,0.9921062,0.9968142,0.0,0.0,0.0,0.0,0.88241214,0.16406849,0.008367921,0.012448833,0.72864455,0.0024555696,0.37003782,0.0006203523
0.0,0.99724907,0.9968004,0.0,0.0,0.0,0.9575861,0.0,0.0,0.045631524,0.04800139,0.0060540093,0.0003048844,1.4329436e-07,0.63608617
0.0,0.9971335,0.9992643,0.0,0.0,0.0,0.0,0.7564244,0.0,0.0011145736,0.0011582248,0.759306,0.23961727,0.0049125706,0.012453055
0.0,0.9983022,0.99977195,0.0,0.19370118,0.0,0.0,0.0,0.007041894,0.0007523008,0.0006836248,0.0041066185,0.012848782,7.515439e-09,0.022724396
0.0,0.997314,0.99836075,0.0,0.0,0.0,0.84833246,0.16442448,0.0,0.07403467,0.08439961,0.008772505,0.0010549477,1.4088351e-06,0.60356444
0.0,0.99794096,0.9985388,0.0,0.34939092,0.0,0.0,0.0,0.89390343,0.0027213646,0.0020866045,6.89247e-05,0.0004431031,3.7806387e-07,0.78166175
0.0,0.9948234,0.99675995,0.0,0.0,0.0,0.0,0.98388356,0.0,0.0005688057,0.000554426,0.9714527,0.160703,0.18981326,0.030221341
0.0,0.9959287,0.99716645,0.0,0.0,0.0,0.0,0.18474719,0.66845673,0.001400539,0.0014779711,0.022916127,0.0012144569,2.9976127e-06,0.08532642
0.0,0.9963728,0.9956226,0.0,0.0,0.0,0.0,0.24779896,0.115926884,0.0019926946,0.0030546961,0.1219112,0.04850911,4.697893e-07,0.0059359013
0.0,0.99796426,0.9990539,0.0,0.0,0.0,0.0,0.80106497,0.0,0.00026061395,0.00025766765,0.9221112,0.034989435,0.003935114,0.0130160665
0.0,0.99352735,0.9955413,0.0,0.0,0.0,0.0,0.9589278,0.0,0.00083039515,0.0010001742,0.9384263,0.05068297,0.39364877,0.008313699
0.0,0.9949073,0.9969846,0.0,0.0,0.0,0.0,0.98054683,0.0,0.0007163573,0.00088302436,0.932856,0.021692457,0.31937742,0.009491243
0.0,0.9942248,0.99809974,0.0,0.0,0.10564123,0.0,0.86917585,0.0,0.008468171,0.0065773935,0.0068588685,0.004571082,8.230056e-05,0.031170378
0.0,0.9988737,0.998996,0.0,0.31165862,0.0,0.0059423745,0.0,0.29290727,0.001913834,0.0014667929,7.207741e-05,0.022579355,5.1071383e-09,0.38788843
0.0,0.9933914,0.9966269,0.0,0.0,0.07806356,0.0,0.69589025,0.0,0.0044695553,0.0036705814,0.01224819,0.055343013,5.8676633e-06,0.07972934
0.0,0.99567807,0.99908143,0.0,0.0,0.0,0.0,0.97648054,0.0,0.00089459564,0.0007962173,0.9759891,0.022789896,0.5104318,0.009434445
0.0,0.99845284,0.9996189,0.0,0.116826266,0.0,0.0,0.0,0.0,0.0007030978,0.00048918166,0.0136024235,0.33558625,4.4743063e-09,0.31594935
0.0,0.995262,0.9959052,0.0,0.0,0.0,0.0,0.0,0.09260154,0.00053578976,0.00037549282,0.22188452,0.12307211,1.7318666e-08,0.024350714
0.0,0.9985961,0.99946564,0.0,0.29643288,0.0,0.0,0.0,0.29374266,0.00077317975,0.0006089877,0.0012722318,0.014259804,5.401894e-09,0.1797103
0.0,0.998709,0.99860305,0.0,0.0,0.0,0.032011062,0.0,0.038583267,0.00058540324,0.00041629976,0.23636423,0.52326393,6.989677e-09,0.08599129
0.0,0.99669147,0.9971652,0.0,0.0,0.0,0.0,0.0,0.89874583,0.0010063732,0.0006812172,0.0010323604,0.0010345614,1.1620161e-06,0.29046217
0.0,0.9976969,0.99770385,0.0,0.0,0.0,0.045896813,0.0,0.0,0.00061080826,0.00045342467,0.03575993,0.5942703,7.928458e-09,0.2745217
0.0,0.9945515,0.99944705,0.0,0.0,0.23925811,0.0,0.9982752,0.0,0.112105295,0.09089638,0.00016534269,0.002832108,3.5731007e-06,0.16432093
0.0,0.9980548,0.9982843,0.0,0.0,0.0,0.95868844,0.0,0.0,0.1653552,0.20352338,0.00033333345,0.0017146334,6.353266e-07,0.6831605
0.0,0.9968811,0.99957657,0.0,0.11883962,0.0,0.0,0.0,0.0,0.0010381567,0.0007248299,0.0011514473,0.86646384,9.630468e-09,0.74085575
0.0,0.9974621,0.9986777,0.0,0.0,0.0,0.0,0.0,0.58784634,0.0016970363,0.00153932,0.0027469755,0.010080708,4.2659963e-08,0.07992791
0.0,0.99668676,0.9985655,0.0,0.0,0.0,0.0,0.6495009,0.22622989,0.0011722646,0.0012571051,0.12562144,0.010765503,0.00057018554,0.0076332213
0.0,0.996592,0.99938595,0.0,0.46096122,0.0,0.0,0.0,0.7253977,0.0014078625,0.0010030034,4.7727095e-05,9.129425e-05,6.2538675e-07,0.6975055
0.0,0.9952654,0.9975636,0.0,0.0,0.0,0.0,0.99123466,0.0,0.00044612904,0.00043545058,0.9175269,0.20938055,0.31954286,0.03076801
0.0,0.9963882,0.99811023,0.0,0.0,0.0,0.0,0.4272243,0.40555993,0.0062202313,0.009818654,0.018484559,0.005887635,0.00021170825,0.007892634
0.0,0.9956042,0.994174,0.0,0.0,0.0,0.0,0.0,0.9743879,0.004382707,0.0055033783,0.000729634,0.00075880234,1.815771e-05,0.4364373
0.0,0.9984855,0.9988207,0.0,0.6057075,0.0,0.0005802363,0.0,0.31868196,0.0050680926,0.0053404057,0.00017925122,0.00090223475,1.5598084e-07,0.3762817
0.0,0.99696064,0.99545956,0.0,0.0,0.0,0.0,0.0021764338,0.91383725,0.0012611581,0.0011194795,0.00052762625,0.0019535357,9.5018817e-07,0.37150618
0.0,0.9982092,0.9995094,0.0,0.0,0.0,0.0,0.6904737,0.36931586,0.0014081427,0.0019244555,0.19242112,0.0010314181,0.0040391576,0.0036391183
0.0,0.99620533,0.99785244,0.0,0.0,0.0,0.0,0.9574817,0.0,0.00042008696,0.00043241316,0.9291916,0.021516282,0.034086503,0.004508956
0.0,0.9973189,0.9994828,0.0,0.2729937,0.0,0.0,0.0,0.0,0.0005391784,0.00033245905,0.0005005992,0.024513228,2.8827798e-09,0.023309987
0.0,0.9949983,0.9983213,0.0,0.0,0.0,0.0,0.0,0.5461019,0.00067819824,0.00051003403,0.0007684742,0.018736372,5.404689e-08,0.10594723
0.0,0.9968614,0.99802834,0.0,0.0,0.0,0.0,0.5594139,0.0,0.00041603777,0.00034421566,0.76428574,0.13527593,2.0035868e-05,0.026170762
0.0,0.99638414,0.99751204,0.0,0.0,0.0,0.0,0.03531895,0.9551961,0.0007018546,0.0004576849,0.0041675777,0.0007472987,2.7409263e-07,0.5535579
0.0,0.9922647,0.99941576,0.0,0.0,0.0,0.0,0.9955079,0.0,0.0010806528,0.0017486828,0.9452721,0.056175955,0.1891399,0.006602082
0.0,0.9972575,0.9982794,0.0,0.0,0.0,0.0,0.5933573,0.10600316,0.0044208793,0.006259658,0.40562487,0.010504985,0.00038580332,0.0026706136
0.0,0.99700963,0.99753493,0.0,0.0,0.0,0.0,0.06403853,0.9225281,0.0013383413,0.00094933284,0.0024142344,0.0012679182,7.602827e-05,0.49906006
0.0,0.9962,0.9992685,0.0,0.0,0.0,0.0,0.0,0.0,0.00019027194,0.00011242819,0.046023887,0.96812505,2.6546944e-08,0.8975131
0.0,0.9933072,0.9995993,0.0,0.0,0.12079259,0.0,0.995917,0.0,0.02796482,0.024100566,0.0064190975,0.023825806,0.0005634983,0.06650847
0.0,0.99786395,0.9993045,0.0,0.28682095,0.0,0.0,0.0,0.65547186,0.0015606069,0.0011156986,2.2133561e-05,0.0012952627,4.0844742e-07,0.6020521
0.0,0.997647,0.9992574,0.0,0.16897413,0.0,0.0,0.0,0.56546116,0.0019038734,0.0015576043,0.00014235826,0.00909446,1.415446e-07,0.30130163
0.0,0.99795276,0.99856484,0.0,0.0,0.0,0.0,0.0,0.22781986,0.0010701678,0.0008164926,0.0115638655,0.3819612,2.5405836e-08,0.13484074
0.0,0.9964341,0.99955255,0.0,0.0,0.0,0.0,0.97991115,0.0,0.0022186306,0.0025830236,0.8003201,0.07655525,0.58404845,0.029392984
0.0,0.99587804,0.9970179,0.0,0.0,0.0,0.0,0.0,0.88362694,0.0017645428,0.0016389443,0.0029816225,0.0013129001,5.5981196e-05,0.43426785
0.0,0.99425834,0.99938464,0.0,0.0,0.0,0.0,0.9893262,0.0,0.0017856557,0.002628823,0.9016209,0.09501494,0.6379639,0.005642513
0.0,0.9968032,0.99733865,0.0,0.0,0.0,0.6975341,0.0,0.0,0.05176047,0.041300535,0.0022178032,0.0009880164,4.524327e-07,0.026464885
0.0,0.99546796,0.99741197,0.0,0.0,0.0,0.0,0.14505684,0.6948445,0.0019107842,0.0013035472,0.00024928743,0.033252444,7.802409e-06,0.38565117
0.0,0.99420404,0.9976314,0.0,0.0,0.18741551,0.0,0.93666285,0.0,0.037773,0.028905887,9.4590614e-05,0.0037073514,3.65494e-06,0.3381001
0.0,0.9989834,0.9993665,0.0,0.0,0.0,0.9552334,0.0,0.6263347,0.44886932,0.5473131,0.0001404177,1.5878192e-06,2.6982061e-05,0.0031358642
0.0,0.9949587,0.99757373,0.0,0.0,0.018654931,0.6523954,0.0,0.38893867,0.17178226,0.23242238,0.00013917242,1.1490586e-05,2.6567315e-07,0.004419442
0.0,0.9943651,0.99969345,0.0,0.034950335,0.0,0.0,0.88104004,0.0,0.00214277,0.0027971498,0.46705326,0.010855989,0.022730967,0.0042353487
0.0,0.9966691,0.99980783,0.0,0.034103885,0.0,0.0,0.5920578,0.0,0.00047238346,0.00042812823,0.6002928,0.012222269,3.8854745e-05,0.007936169
0.0,0.9952446,0.99949515,0.0,0.0,0.11302392,0.0,0.99780995,0.0,0.007869384,0.0057602683,0.031107973,0.009531827,0.00012683134,0.14140919
0.0,0.99822396,0.99908,0.0,0.0,0.0,0.0,0.49105367,0.3078631,0.0020656628,0.0020555642,0.04186992,0.0071155475,6.607337e-05,0.005318099
0.0,0.994734,0.9973447,0.0,0.0,0.0,0.0,0.9759851,0.0,0.00034694187,0.000342917,0.9574022,0.011489596,0.14469694,0.007710281
0.0,0.99598783,0.9967746,0.0,0.0,0.0,0.0,0.24274069,0.077533506,0.0007010785,0.0005485153,0.24344538,0.05153441,1.8277551e-07,0.008467842
0.0,0.9982346,0.99797755,0.0,0.0,0.0,0.087572895,0.0,0.13872097,0.002074481,0.0028926476,0.06946978,0.008511307,3.2343601e-09,0.0031388246
0.0,0.99831605,0.998778,0.0,0.3530823,0.0,0.0,0.011512518,0.94246465,0.0010055528,0.0007117548,0.00011391505,8.358455e-05,1.8367134e-06,0.80207735
0.0,0.99753755,0.99883455,0.0,0.0,0.0,0.0,0.95626825,0.0,0.00055067486,0.0005342051,0.95224357,0.16577373,0.21740745,0.05240827
0.0,0.99144477,0.9983837,0.0,0.0,0.1895054,0.0,0.98571366,0.0,0.06449377,0.057257578,0.00015661307,0.0019607404,1.940748e-05,0.24724595
0.0,0.9967873,0.99841887,0.0,0.0,0.0,0.903034,0.0,0.0,0.082484014,0.08793767,0.00053640164,0.004139313,1.167188e-07,0.9034976
0.0,0.9994151,0.9995808,0.0,0.0,0.0,0.05622393,0.0,0.2993306,0.002797876,0.0023007537,0.0016624208,0.03555965,4.9402107e-08,0.06529563
0.0,0.99404067,0.9976117,0.0,0.0,0.0,0.0,0.95582384,0.0,0.0007959252,0.0008253822,0.8782531,0.018305857,0.3928395,0.011185539
0.0,0.99561214,0.99824375,0.0,0.0,0.0,0.0,0.9922519,0.0,0.0012097014,0.0011393104,0.88798577,0.040755656,0.52903455,0.013924223
0.0,0.99358636,0.9934524,0.0,0.0,0.0,0.0,0.038507745,0.8162794,0.0017749893,0.0014951548,0.0015330988,0.00065766525,9.003223e-06,0.19037043
0.0,0.9982113,0.998568,0.0,0.0,0.0,0.0,0.50376755,0.0,0.0007421923,0.00075297744,0.8435568,0.08928345,3.903874e-05,0.0018973933
0.0,0.9970563,0.9943214,0.0,0.0,0.0,0.0,0.0,0.0035795502,0.0006252418,0.00057588844,0.20655328,0.08522428,1.7914803e-07,0.0054156845
0.0,0.9953209,0.99806106,0.0,0.0,0.0,0.0,0.94643724,0.207101,0.0043848925,0.008416582,0.88890755,0.00025501128,0.7024596,0.0003255612
0.0,0.9968555,0.9988677,0.0,0.45161414,0.0,0.0,0.0,0.94491404,0.005781277,0.006377802,0.00029457238,0.00018413906,9.314806e-05,0.7843326
0.0,0.9960451,0.99881804,0.0,0.0,0.0,0.0,0.9781159,0.24904345,0.005601751,0.010775353,0.79123944,0.003064987,0.8874222,0.0010424734
0.0,0.9959172,0.9937102,0.0,0.0,0.0,0.0,0.0,0.97165096,0.0023938983,0.0021916828,0.000940506,0.0005077859,2.5693758e-05,0.46092904
0.0,0.9980439,0.9980207,0.0,0.30728364,0.0,0.008890182,0.0,0.28125682,0.005710884,0.0077659464,0.00014681199,0.0005337745,5.5265193e-08,0.041668076
0.0,0.9982394,0.9988059,0.0,0.0,0.0,0.0,0.0,0.766742,0.0009775884,0.0008144746,0.0023164484,0.0023194698,3.2200236e-07,0.15427868
0.0,0.9970354,0.99903566,0.0,0.0,0.0,0.0,0.93855476,0.0,0.0014583311,0.0020695718,0.8593013,0.080391586,0.1613382,0.0060354387
0.0,0.9973213,0.9974405,0.0,0.16193147,0.0,0.0,0.0,0.9130589,0.0026396862,0.0025940903,0.0003173499,0.00037086604,3.5217765e-06,0.76094776
